student_id,semester,subject_code,classes_held,classes_attended,internal_marks,external_marks,_ingested_at,total_marks,reason
S0001,2,WORK,0,18,17,25,2026-09-26T19:09:08.797Z,42,attendance_over_100
S0003,1,WORK,0,24,25,38,2026-09-26T19:09:08.797Z,63,attendance_over_100
S0013,1,WORK,30,35,21,32,2026-09-26T19:09:08.797Z,53,attendance_over_100
S0014,3,WORK,30,35,20,30,2026-09-26T19:09:08.797Z,50,attendance_over_100
S0016,2,WORK,30,35,22,33,2026-09-26T19:09:08.797Z,55,attendance_over_100
S0018,1,WORK,30,35,24,36,2026-09-26T19:09:08.797Z,60,attendance_over_100
S0019,3,WORK,30,35,31,46,2026-09-26T19:09:08.797Z,77,attendance_over_100
S0021,2,WORK,30,35,29,43,2026-09-26T19:09:08.797Z,72,attendance_over_100
S0023,1,WORK,30,35,20,29,2026-09-26T19:09:08.797Z,49,attendance_over_100
S0040,2,ENGL,0,27,21,31,2026-09-26T19:09:08.797Z,52,attendance_over_100
S0042,1,ENGL,0,28,21,31,2026-09-26T19:09:08.797Z,52,attendance_over_100
S0043,3,ENGL,0,25,22,32,2026-09-26T19:09:08.797Z,54,attendance_over_100
S0053,3,ENGL,45,50,20,31,2026-09-26T19:09:08.797Z,51,attendance_over_100
S0055,2,ENGL,45,50,22,33,2026-09-26T19:09:08.797Z,55,attendance_over_100
S0057,1,ENGL,45,50,21,31,2026-09-26T19:09:08.797Z,52,attendance_over_100
S0058,3,ENGL,45,50,24,37,2026-09-26T19:09:08.797Z,61,attendance_over_100
S0060,2,ENGL,45,50,9,14,2026-09-26T19:09:08.797Z,23,attendance_over_100
S0062,1,ENGL,45,50,22,33,2026-09-26T19:09:08.797Z,55,attendance_over_100
S0063,3,ENGL,45,50,16,25,2026-09-26T19:09:08.797Z,41,attendance_over_100
S0081,1,DBMS,0,29,18,26,2026-09-26T19:09:08.797Z,44,attendance_over_100
S0082,3,DBMS,0,37,21,32,2026-09-26T19:09:08.797Z,53,attendance_over_100
S0084,2,DBMS,0,36,23,34,2026-09-26T19:09:08.797Z,57,attendance_over_100
S0094,2,DBMS,45,50,17,25,2026-09-26T19:09:08.797Z,42,attendance_over_100
S0096,1,DBMS,45,50,26,39,2026-09-26T19:09:08.797Z,65,attendance_over_100
S0097,3,DBMS,45,50,20,31,2026-09-26T19:09:08.797Z,51,attendance_over_100
S0099,2,DBMS,45,50,6,10,2026-09-26T19:09:08.797Z,16,attendance_over_100
S0101,1,DBMS,45,50,25,38,2026-09-26T19:09:08.797Z,63,attendance_over_100
S0102,3,DBMS,45,50,21,32,2026-09-26T19:09:08.797Z,53,attendance_over_100
S0120,1,PROG,0,39,34,50,2026-09-26T19:09:08.797Z,84,attendance_over_100
S0121,3,PROG,0,45,23,34,2026-09-26T19:09:08.797Z,57,attendance_over_100
S0123,2,PROG,0,35,23,34,2026-09-26T19:09:08.797Z,57,attendance_over_100
S0133,2,PROG,45,50,19,29,2026-09-26T19:09:08.797Z,48,attendance_over_100
S0135,1,PROG,45,50,21,32,2026-09-26T19:09:08.797Z,53,attendance_over_100
S0136,3,PROG,45,50,14,22,2026-09-26T19:09:08.797Z,36,attendance_over_100
S0138,2,PROG,45,50,27,40,2026-09-26T19:09:08.797Z,67,attendance_over_100
S0140,1,PROG,45,50,26,38,2026-09-26T19:09:08.797Z,64,attendance_over_100
S0141,3,PROG,45,50,16,23,2026-09-26T19:09:08.797Z,39,attendance_over_100
S0143,2,PROG,45,50,20,30,2026-09-26T19:09:08.797Z,50,attendance_over_100
S0160,3,PHYS,0,36,22,32,2026-09-26T19:09:08.797Z,54,attendance_over_100
S0162,2,PHYS,0,28,20,29,2026-09-26T19:09:08.797Z,49,attendance_over_100
S0164,1,PHYS,0,35,30,46,2026-09-26T19:09:08.797Z,76,attendance_over_100
S0174,1,PHYS,45,50,18,28,2026-09-26T19:09:08.797Z,46,attendance_over_100
S0175,3,PHYS,45,50,19,29,2026-09-26T19:09:08.797Z,48,attendance_over_100
S0177,2,PHYS,45,50,19,28,2026-09-26T19:09:08.797Z,47,attendance_over_100
S0179,1,PHYS,45,50,21,31,2026-09-26T19:09:08.797Z,52,attendance_over_100
S0180,3,PHYS,45,50,18,27,2026-09-26T19:09:08.797Z,45,attendance_over_100
S0182,2,PHYS,45,50,16,25,2026-09-26T19:09:08.797Z,41,attendance_over_100
S0184,1,PHYS,45,50,16,25,2026-09-26T19:09:08.797Z,41,attendance_over_100
S0201,2,MATH,0,36,19,29,2026-09-26T19:09:08.797Z,48,attendance_over_100
S0203,1,MATH,0,37,21,32,2026-09-26T19:09:08.797Z,53,attendance_over_100
S0204,3,MATH,0,26,9,13,2026-09-26T19:09:08.797Z,22,attendance_over_100
S0214,3,MATH,45,50,31,47,2026-09-26T19:09:08.797Z,78,attendance_over_100
S0216,2,MATH,45,50,19,29,2026-09-26T19:09:08.797Z,48,attendance_over_100
S0218,1,MATH,45,50,22,32,2026-09-26T19:09:08.797Z,54,attendance_over_100
S0219,3,MATH,45,50,19,28,2026-09-26T19:09:08.797Z,47,attendance_over_100
S0221,2,MATH,45,50,32,47,2026-09-26T19:09:08.797Z,79,attendance_over_100
S0223,1,MATH,45,50,23,35,2026-09-26T19:09:08.797Z,58,attendance_over_100
S0240,1,WORK,0,21,19,28,2026-09-26T19:09:08.797Z,47,attendance_over_100
S0241,3,WORK,0,28,18,27,2026-09-26T19:09:08.797Z,45,attendance_over_100
S0243,2,WORK,0,19,23,34,2026-09-26T19:09:08.797Z,57,attendance_over_100
S0253,2,WORK,30,35,19,28,2026-09-26T19:09:08.797Z,47,attendance_over_100
S0255,1,WORK,30,35,24,35,2026-09-26T19:09:08.797Z,59,attendance_over_100
S0256,3,WORK,30,35,26,40,2026-09-26T19:09:08.797Z,66,attendance_over_100
S0258,2,WORK,30,35,24,37,2026-09-26T19:09:08.797Z,61,attendance_over_100
S0260,1,WORK,30,35,14,21,2026-09-26T19:09:08.797Z,35,attendance_over_100
S0261,3,WORK,30,35,17,25,2026-09-26T19:09:08.797Z,42,attendance_over_100
S0263,2,WORK,30,35,24,36,2026-09-26T19:09:08.797Z,60,attendance_over_100
S0280,3,ENGL,0,24,24,35,2026-09-26T19:09:08.797Z,59,attendance_over_100
S0282,2,ENGL,0,33,19,29,2026-09-26T19:09:08.797Z,48,attendance_over_100
S0284,1,ENGL,0,29,24,35,2026-09-26T19:09:08.797Z,59,attendance_over_100
S0294,1,ENGL,45,50,21,31,2026-09-26T19:09:08.797Z,52,attendance_over_100
S0295,3,ENGL,45,50,20,30,2026-09-26T19:09:08.797Z,50,attendance_over_100
S0297,2,ENGL,45,50,16,25,2026-09-26T19:09:08.797Z,41,attendance_over_100
S0299,1,ENGL,45,50,25,38,2026-09-26T19:09:08.797Z,63,attendance_over_100
S0300,3,ENGL,45,50,19,29,2026-09-26T19:09:08.797Z,48,attendance_over_100
S0302,2,ENGL,45,50,18,28,2026-09-26T19:09:08.797Z,46,attendance_over_100
S0304,1,ENGL,45,50,25,37,2026-09-26T19:09:08.797Z,62,attendance_over_100
S0321,2,DBMS,0,29,22,32,2026-09-26T19:09:08.797Z,54,attendance_over_100
S0323,1,DBMS,0,29,21,31,2026-09-26T19:09:08.797Z,52,attendance_over_100
S0324,3,DBMS,0,37,24,36,2026-09-26T19:09:08.797Z,60,attendance_over_100
S0334,3,DBMS,45,50,25,38,2026-09-26T19:09:08.797Z,63,attendance_over_100
S0336,2,DBMS,45,50,21,31,2026-09-26T19:09:08.797Z,52,attendance_over_100
S0338,1,DBMS,45,50,19,28,2026-09-26T19:09:08.797Z,47,attendance_over_100
S0339,3,DBMS,45,50,20,30,2026-09-26T19:09:08.797Z,50,attendance_over_100
S0341,2,DBMS,45,50,23,35,2026-09-26T19:09:08.797Z,58,attendance_over_100
S0343,1,DBMS,45,50,17,26,2026-09-26T19:09:08.797Z,43,attendance_over_100
S0360,2,PROG,0,30,22,32,2026-09-26T19:09:08.797Z,54,attendance_over_100
S0362,1,PROG,0,42,32,49,2026-09-26T19:09:08.797Z,81,attendance_over_100
S0363,3,PROG,0,28,27,41,2026-09-26T19:09:08.797Z,68,attendance_over_100
S0373,3,PROG,45,50,26,40,2026-09-26T19:09:08.797Z,66,attendance_over_100
S0375,2,PROG,45,50,24,36,2026-09-26T19:09:08.797Z,60,attendance_over_100
S0377,1,PROG,45,50,23,34,2026-09-26T19:09:08.797Z,57,attendance_over_100
S0378,3,PROG,45,50,15,23,2026-09-26T19:09:08.797Z,38,attendance_over_100
S0380,2,PROG,45,50,20,31,2026-09-26T19:09:08.797Z,51,attendance_over_100
S0382,1,PROG,45,50,16,25,2026-09-26T19:09:08.797Z,41,attendance_over_100
S0383,3,PROG,45,50,20,31,2026-09-26T19:09:08.797Z,51,attendance_over_100
S0401,1,PHYS,0,42,22,34,2026-09-26T19:09:08.797Z,56,attendance_over_100
S0402,3,PHYS,0,42,16,24,2026-09-26T19:09:08.797Z,40,attendance_over_100
S0404,2,PHYS,0,42,24,35,2026-09-26T19:09:08.797Z,59,attendance_over_100
S0414,2,PHYS,45,50,14,22,2026-09-26T19:09:08.797Z,36,attendance_over_100
S0416,1,PHYS,45,50,23,34,2026-09-26T19:09:08.797Z,57,attendance_over_100
S0417,3,PHYS,45,50,17,26,2026-09-26T19:09:08.797Z,43,attendance_over_100
S0419,2,PHYS,45,50,25,37,2026-09-26T19:09:08.797Z,62,attendance_over_100
S0421,1,PHYS,45,50,19,28,2026-09-26T19:09:08.797Z,47,attendance_over_100
S0422,3,PHYS,45,50,26,39,2026-09-26T19:09:08.797Z,65,attendance_over_100
S0440,1,MATH,0,40,28,41,2026-09-26T19:09:08.797Z,69,attendance_over_100
S0441,3,MATH,0,34,24,35,2026-09-26T19:09:08.797Z,59,attendance_over_100
S0443,2,MATH,0,25,18,28,2026-09-26T19:09:08.797Z,46,attendance_over_100
S0453,2,MATH,45,50,28,43,2026-09-26T19:09:08.797Z,71,attendance_over_100
S0455,1,MATH,45,50,29,43,2026-09-26T19:09:08.797Z,72,attendance_over_100
S0456,3,MATH,45,50,16,25,2026-09-26T19:09:08.797Z,41,attendance_over_100
S0458,2,MATH,45,50,28,41,2026-09-26T19:09:08.797Z,69,attendance_over_100
S0460,1,MATH,45,50,20,29,2026-09-26T19:09:08.797Z,49,attendance_over_100
S0461,3,MATH,45,50,20,30,2026-09-26T19:09:08.797Z,50,attendance_over_100
S0463,2,MATH,45,50,20,31,2026-09-26T19:09:08.797Z,51,attendance_over_100
S0480,2,WORK,0,25,23,34,2026-09-26T19:09:08.797Z,57,attendance_over_100
S0482,1,WORK,0,28,20,30,2026-09-26T19:09:08.797Z,50,attendance_over_100
S0483,3,WORK,0,20,23,34,2026-09-26T19:09:08.797Z,57,attendance_over_100
S0493,3,WORK,30,35,20,30,2026-09-26T19:09:08.797Z,50,attendance_over_100
S0495,2,WORK,30,35,22,34,2026-09-26T19:09:08.797Z,56,attendance_over_100
S0497,1,WORK,30,35,25,38,2026-09-26T19:09:08.797Z,63,attendance_over_100
S0498,3,WORK,30,35,23,34,2026-09-26T19:09:08.797Z,57,attendance_over_100
S0500,2,WORK,30,35,14,21,2026-09-26T19:09:08.797Z,35,attendance_over_100
S0502,1,WORK,30,35,20,31,2026-09-26T19:09:08.797Z,51,attendance_over_100
S0503,3,WORK,30,35,21,32,2026-09-26T19:09:08.797Z,53,attendance_over_100
S0521,1,ENGL,0,41,20,29,2026-09-26T19:09:08.797Z,49,attendance_over_100
S0522,3,ENGL,0,38,28,42,2026-09-26T19:09:08.797Z,70,attendance_over_100
S0524,2,ENGL,0,35,17,25,2026-09-26T19:09:08.797Z,42,attendance_over_100
S0534,2,ENGL,45,50,23,34,2026-09-26T19:09:08.797Z,57,attendance_over_100
S0536,1,ENGL,45,50,19,29,2026-09-26T19:09:08.797Z,48,attendance_over_100
S0537,3,ENGL,45,50,25,37,2026-09-26T19:09:08.797Z,62,attendance_over_100
S0539,2,ENGL,45,50,22,34,2026-09-26T19:09:08.797Z,56,attendance_over_100
S0541,1,ENGL,45,50,24,37,2026-09-26T19:09:08.797Z,61,attendance_over_100
S0542,3,ENGL,45,50,18,26,2026-09-26T19:09:08.797Z,44,attendance_over_100
S0560,1,DBMS,0,28,16,23,2026-09-26T19:09:08.797Z,39,attendance_over_100
S0561,3,DBMS,0,39,23,35,2026-09-26T19:09:08.797Z,58,attendance_over_100
S0563,2,DBMS,0,32,14,20,2026-09-26T19:09:08.797Z,34,attendance_over_100
S0573,2,DBMS,45,50,18,27,2026-09-26T19:09:08.797Z,45,attendance_over_100
S0575,1,DBMS,45,50,20,29,2026-09-26T19:09:08.797Z,49,attendance_over_100
S0576,3,DBMS,45,50,18,27,2026-09-26T19:09:08.797Z,45,attendance_over_100
S0578,2,DBMS,45,50,24,37,2026-09-26T19:09:08.797Z,61,attendance_over_100
S0580,1,DBMS,45,50,15,23,2026-09-26T19:09:08.797Z,38,attendance_over_100
S0581,3,DBMS,45,50,19,28,2026-09-26T19:09:08.797Z,47,attendance_over_100
S0583,2,DBMS,45,50,22,32,2026-09-26T19:09:08.797Z,54,attendance_over_100
S0600,3,PROG,0,42,29,44,2026-09-26T19:09:08.797Z,73,attendance_over_100
S0602,2,PROG,0,27,21,31,2026-09-26T19:09:08.797Z,52,attendance_over_100
S0604,1,PROG,0,32,18,27,2026-09-26T19:09:08.797Z,45,attendance_over_100
S0614,1,PROG,45,50,13,20,2026-09-26T19:09:08.797Z,33,attendance_over_100
S0615,3,PROG,45,50,24,36,2026-09-26T19:09:08.797Z,60,attendance_over_100
S0617,2,PROG,45,50,31,46,2026-09-26T19:09:08.797Z,77,attendance_over_100
S0619,1,PROG,45,50,18,28,2026-09-26T19:09:08.797Z,46,attendance_over_100
S0620,3,PROG,45,50,28,42,2026-09-26T19:09:08.797Z,70,attendance_over_100
S0622,2,PROG,45,50,14,20,2026-09-26T19:09:08.797Z,34,attendance_over_100
S0624,1,PROG,45,50,25,37,2026-09-26T19:09:08.797Z,62,attendance_over_100
S0641,2,PHYS,0,21,16,24,2026-09-26T19:09:08.797Z,40,attendance_over_100
S0643,1,PHYS,0,24,19,28,2026-09-26T19:09:08.797Z,47,attendance_over_100
S0644,3,PHYS,0,39,23,34,2026-09-26T19:09:08.797Z,57,attendance_over_100
S0654,3,PHYS,45,50,18,27,2026-09-26T19:09:08.797Z,45,attendance_over_100
S0656,2,PHYS,45,50,20,31,2026-09-26T19:09:08.797Z,51,attendance_over_100
S0658,1,PHYS,45,50,24,35,2026-09-26T19:09:08.797Z,59,attendance_over_100
S0659,3,PHYS,45,50,20,29,2026-09-26T19:09:08.797Z,49,attendance_over_100
S0661,2,PHYS,45,50,27,41,2026-09-26T19:09:08.797Z,68,attendance_over_100
S0663,1,PHYS,45,50,24,37,2026-09-26T19:09:08.797Z,61,attendance_over_100
S0680,2,MATH,0,29,21,32,2026-09-26T19:09:08.797Z,53,attendance_over_100
S0682,1,MATH,0,27,19,28,2026-09-26T19:09:08.797Z,47,attendance_over_100
S0683,3,MATH,0,28,19,28,2026-09-26T19:09:08.797Z,47,attendance_over_100
S0693,3,MATH,45,50,22,33,2026-09-26T19:09:08.797Z,55,attendance_over_100
S0695,2,MATH,45,50,29,43,2026-09-26T19:09:08.797Z,72,attendance_over_100
S0697,1,MATH,45,50,14,20,2026-09-26T19:09:08.797Z,34,attendance_over_100
S0698,3,MATH,45,50,22,32,2026-09-26T19:09:08.797Z,54,attendance_over_100
S0700,2,MATH,45,50,12,18,2026-09-26T19:09:08.797Z,30,attendance_over_100
S0702,1,MATH,45,50,22,34,2026-09-26T19:09:08.797Z,56,attendance_over_100
S0703,3,MATH,45,50,26,39,2026-09-26T19:09:08.797Z,65,attendance_over_100
S0720,3,WORK,0,21,27,40,2026-09-26T19:09:08.797Z,67,attendance_over_100
S0722,2,WORK,0,22,23,34,2026-09-26T19:09:08.797Z,57,attendance_over_100
S0724,1,WORK,0,15,24,36,2026-09-26T19:09:08.797Z,60,attendance_over_100
S0734,1,WORK,30,35,16,24,2026-09-26T19:09:08.797Z,40,attendance_over_100
S0735,3,WORK,30,35,26,39,2026-09-26T19:09:08.797Z,65,attendance_over_100
S0737,2,WORK,30,35,26,38,2026-09-26T19:09:08.797Z,64,attendance_over_100
S0739,1,WORK,30,35,23,35,2026-09-26T19:09:08.797Z,58,attendance_over_100
S0740,3,WORK,30,35,25,37,2026-09-26T19:09:08.797Z,62,attendance_over_100
S0742,2,WORK,30,35,20,31,2026-09-26T19:09:08.797Z,51,attendance_over_100
S0744,1,WORK,30,35,25,38,2026-09-26T19:09:08.797Z,63,attendance_over_100
S0761,2,ENGL,0,39,21,32,2026-09-26T19:09:08.797Z,53,attendance_over_100
S0763,1,ENGL,0,32,19,29,2026-09-26T19:09:08.797Z,48,attendance_over_100
S0764,3,ENGL,0,19,19,29,2026-09-26T19:09:08.797Z,48,attendance_over_100
S0774,3,ENGL,45,50,20,29,2026-09-26T19:09:08.797Z,49,attendance_over_100
S0776,2,ENGL,45,50,21,31,2026-09-26T19:09:08.797Z,52,attendance_over_100
S0778,1,ENGL,45,50,20,31,2026-09-26T19:09:08.797Z,51,attendance_over_100
S0779,3,ENGL,45,50,18,28,2026-09-26T19:09:08.797Z,46,attendance_over_100
S0781,2,ENGL,45,50,23,34,2026-09-26T19:09:08.797Z,57,attendance_over_100
S0783,1,ENGL,45,50,23,35,2026-09-26T19:09:08.797Z,58,attendance_over_100
S0800,2,DBMS,0,28,18,27,2026-09-26T19:09:08.797Z,45,attendance_over_100
S0802,1,DBMS,0,43,24,36,2026-09-26T19:09:08.797Z,60,attendance_over_100
S0803,3,DBMS,0,34,11,17,2026-09-26T19:09:08.797Z,28,attendance_over_100
S0813,3,DBMS,45,50,19,28,2026-09-26T19:09:08.797Z,47,attendance_over_100
S0815,2,DBMS,45,50,24,37,2026-09-26T19:09:08.797Z,61,attendance_over_100
S0817,1,DBMS,45,50,12,17,2026-09-26T19:09:08.797Z,29,attendance_over_100
S0818,3,DBMS,45,50,20,31,2026-09-26T19:09:08.797Z,51,attendance_over_100
S0820,2,DBMS,45,50,15,22,2026-09-26T19:09:08.797Z,37,attendance_over_100
S0822,1,DBMS,45,50,19,29,2026-09-26T19:09:08.797Z,48,attendance_over_100
S0823,3,DBMS,45,50,15,22,2026-09-26T19:09:08.797Z,37,attendance_over_100
S0841,1,PROG,0,25,17,26,2026-09-26T19:09:08.797Z,43,attendance_over_100
S0842,3,PROG,0,42,21,32,2026-09-26T19:09:08.797Z,53,attendance_over_100
S0844,2,PROG,0,24,4,7,2026-09-26T19:09:08.797Z,11,attendance_over_100
S0854,2,PROG,45,50,30,46,2026-09-26T19:09:08.797Z,76,attendance_over_100
S0856,1,PROG,45,50,24,35,2026-09-26T19:09:08.797Z,59,attendance_over_100
S0857,3,PROG,45,50,16,24,2026-09-26T19:09:08.797Z,40,attendance_over_100
S0859,2,PROG,45,50,24,36,2026-09-26T19:09:08.797Z,60,attendance_over_100
S0861,1,PROG,45,50,17,26,2026-09-26T19:09:08.797Z,43,attendance_over_100
S0862,3,PROG,45,50,22,32,2026-09-26T19:09:08.797Z,54,attendance_over_100
S0880,1,PHYS,0,43,26,40,2026-09-26T19:09:08.797Z,66,attendance_over_100
S0881,3,PHYS,0,26,16,25,2026-09-26T19:09:08.797Z,41,attendance_over_100
S0883,2,PHYS,0,26,10,15,2026-09-26T19:09:08.797Z,25,attendance_over_100
S0893,2,PHYS,45,50,24,36,2026-09-26T19:09:08.797Z,60,attendance_over_100
S0895,1,PHYS,45,50,22,34,2026-09-26T19:09:08.797Z,56,attendance_over_100
S0896,3,PHYS,45,50,16,23,2026-09-26T19:09:08.797Z,39,attendance_over_100
S0898,2,PHYS,45,50,17,26,2026-09-26T19:09:08.797Z,43,attendance_over_100
S0900,1,PHYS,45,50,22,34,2026-09-26T19:09:08.797Z,56,attendance_over_100
S0901,3,PHYS,45,50,22,32,2026-09-26T19:09:08.797Z,54,attendance_over_100
S0903,2,PHYS,45,50,24,35,2026-09-26T19:09:08.797Z,59,attendance_over_100
S0920,3,MATH,0,42,26,39,2026-09-26T19:09:08.797Z,65,attendance_over_100
S0922,2,MATH,0,36,21,32,2026-09-26T19:09:08.797Z,53,attendance_over_100
S0924,1,MATH,0,31,24,37,2026-09-26T19:09:08.797Z,61,attendance_over_100
S0934,1,MATH,45,50,21,32,2026-09-26T19:09:08.797Z,53,attendance_over_100
S0935,3,MATH,45,50,30,46,2026-09-26T19:09:08.797Z,76,attendance_over_100
S0937,2,MATH,45,50,16,25,2026-09-26T19:09:08.797Z,41,attendance_over_100
S0939,1,MATH,45,50,22,33,2026-09-26T19:09:08.797Z,55,attendance_over_100
S0940,3,MATH,45,50,16,23,2026-09-26T19:09:08.797Z,39,attendance_over_100
S0942,2,MATH,45,50,23,35,2026-09-26T19:09:08.797Z,58,attendance_over_100
S0944,1,MATH,45,50,18,28,2026-09-26T19:09:08.797Z,46,attendance_over_100
S0961,1,WORK,0,27,20,31,2026-09-26T19:09:08.797Z,51,attendance_over_100
S0962,3,WORK,0,23,22,32,2026-09-26T19:09:08.797Z,54,attendance_over_100
S0964,2,WORK,0,21,13,19,2026-09-26T19:09:08.797Z,32,attendance_over_100
S0974,2,WORK,30,35,20,30,2026-09-26T19:09:08.797Z,50,attendance_over_100
S0976,1,WORK,30,35,18,27,2026-09-26T19:09:08.797Z,45,attendance_over_100
S0977,3,WORK,30,35,18,27,2026-09-26T19:09:08.797Z,45,attendance_over_100
S0979,2,WORK,30,35,17,26,2026-09-26T19:09:08.797Z,43,attendance_over_100
S0981,1,WORK,30,35,22,32,2026-09-26T19:09:08.797Z,54,attendance_over_100
S0982,3,WORK,30,35,28,42,2026-09-26T19:09:08.797Z,70,attendance_over_100
S1000,1,ENGL,0,33,17,26,2026-09-26T19:09:08.797Z,43,attendance_over_100
S1001,3,ENGL,0,45,24,35,2026-09-26T19:09:08.797Z,59,attendance_over_100
S1003,2,ENGL,0,29,21,31,2026-09-26T19:09:08.797Z,52,attendance_over_100
S1013,2,ENGL,45,50,18,27,2026-09-26T19:09:08.797Z,45,attendance_over_100
S1015,1,ENGL,45,50,24,36,2026-09-26T19:09:08.797Z,60,attendance_over_100
S1016,3,ENGL,45,50,22,32,2026-09-26T19:09:08.797Z,54,attendance_over_100
S1018,2,ENGL,45,50,18,27,2026-09-26T19:09:08.797Z,45,attendance_over_100
S1020,1,ENGL,45,50,21,32,2026-09-26T19:09:08.797Z,53,attendance_over_100
S1021,3,ENGL,45,50,24,37,2026-09-26T19:09:08.797Z,61,attendance_over_100
S1023,2,ENGL,45,50,20,30,2026-09-26T19:09:08.797Z,50,attendance_over_100
S1040,3,DBMS,0,27,19,29,2026-09-26T19:09:08.797Z,48,attendance_over_100
S1042,2,DBMS,0,37,27,41,2026-09-26T19:09:08.797Z,68,attendance_over_100
S1044,1,DBMS,0,22,16,23,2026-09-26T19:09:08.797Z,39,attendance_over_100
S1054,1,DBMS,45,50,17,26,2026-09-26T19:09:08.797Z,43,attendance_over_100
S1055,3,DBMS,45,50,16,24,2026-09-26T19:09:08.797Z,40,attendance_over_100
S1057,2,DBMS,45,50,21,31,2026-09-26T19:09:08.797Z,52,attendance_over_100
S1059,1,DBMS,45,50,23,34,2026-09-26T19:09:08.797Z,57,attendance_over_100
S1060,3,DBMS,45,50,17,26,2026-09-26T19:09:08.797Z,43,attendance_over_100
S1062,2,DBMS,45,50,26,40,2026-09-26T19:09:08.797Z,66,attendance_over_100
S1064,1,DBMS,45,50,20,29,2026-09-26T19:09:08.797Z,49,attendance_over_100
S1081,2,PROG,0,41,27,41,2026-09-26T19:09:08.797Z,68,attendance_over_100
S1083,1,PROG,0,44,28,41,2026-09-26T19:09:08.797Z,69,attendance_over_100
S1084,3,PROG,0,34,22,34,2026-09-26T19:09:08.797Z,56,attendance_over_100
S1094,3,PROG,45,50,17,26,2026-09-26T19:09:08.797Z,43,attendance_over_100
S1096,2,PROG,45,50,19,28,2026-09-26T19:09:08.797Z,47,attendance_over_100
S1098,1,PROG,45,50,24,35,2026-09-26T19:09:08.797Z,59,attendance_over_100
S1099,3,PROG,45,50,27,40,2026-09-26T19:09:08.797Z,67,attendance_over_100
S1101,2,PROG,45,50,19,29,2026-09-26T19:09:08.797Z,48,attendance_over_100
S1103,1,PROG,45,50,23,34,2026-09-26T19:09:08.797Z,57,attendance_over_100
S1120,2,PHYS,0,41,21,31,2026-09-26T19:09:08.797Z,52,attendance_over_100
S1122,1,PHYS,0,33,23,34,2026-09-26T19:09:08.797Z,57,attendance_over_100
S1123,3,PHYS,0,36,18,28,2026-09-26T19:09:08.797Z,46,attendance_over_100
S1133,3,PHYS,45,50,24,37,2026-09-26T19:09:08.797Z,61,attendance_over_100
S1135,2,PHYS,45,50,13,20,2026-09-26T19:09:08.797Z,33,attendance_over_100
S1137,1,PHYS,45,50,28,41,2026-09-26T19:09:08.797Z,69,attendance_over_100
S1138,3,PHYS,45,50,17,25,2026-09-26T19:09:08.797Z,42,attendance_over_100
S1140,2,PHYS,45,50,20,31,2026-09-26T19:09:08.797Z,51,attendance_over_100
S1142,1,PHYS,45,50,25,37,2026-09-26T19:09:08.797Z,62,attendance_over_100
S1143,3,PHYS,45,50,22,32,2026-09-26T19:09:08.797Z,54,attendance_over_100
S1161,1,MATH,0,28,21,32,2026-09-26T19:09:08.797Z,53,attendance_over_100
S1162,3,MATH,0,29,16,24,2026-09-26T19:09:08.797Z,40,attendance_over_100
S1164,2,MATH,0,36,20,31,2026-09-26T19:09:08.797Z,51,attendance_over_100
S1174,2,MATH,45,50,15,23,2026-09-26T19:09:08.797Z,38,attendance_over_100
S1176,1,MATH,45,50,17,25,2026-09-26T19:09:08.797Z,42,attendance_over_100
S1177,3,MATH,45,50,22,33,2026-09-26T19:09:08.797Z,55,attendance_over_100
S1179,2,MATH,45,50,14,20,2026-09-26T19:09:08.797Z,34,attendance_over_100
S1181,1,MATH,45,50,25,38,2026-09-26T19:09:08.797Z,63,attendance_over_100
S1182,3,MATH,45,50,14,21,2026-09-26T19:09:08.797Z,35,attendance_over_100
S1184,2,MATH,45,50,17,25,2026-09-26T19:09:08.797Z,42,attendance_over_100
S1199,3,WORK,0,24,29,44,2026-09-26T19:09:08.797Z,73,attendance_over_100
S0004,3,WORK,30,28,31,70,2026-09-26T19:09:08.797Z,101,marks_over_max
S0006,2,WORK,30,17,14,70,2026-09-26T19:09:08.797Z,84,marks_over_max
S0008,1,WORK,30,13,22,70,2026-09-26T19:09:08.797Z,92,marks_over_max
S0009,3,WORK,30,20,21,70,2026-09-26T19:09:08.797Z,91,marks_over_max
S0011,2,WORK,30,20,22,70,2026-09-26T19:09:08.797Z,92,marks_over_max
S0045,2,ENGL,45,32,30,70,2026-09-26T19:09:08.797Z,100,marks_over_max
S0047,1,ENGL,45,35,22,70,2026-09-26T19:09:08.797Z,92,marks_over_max
S0048,3,ENGL,45,23,19,70,2026-09-26T19:09:08.797Z,89,marks_over_max
S0050,2,ENGL,45,30,28,70,2026-09-26T19:09:08.797Z,98,marks_over_max
S0052,1,ENGL,45,30,24,70,2026-09-26T19:09:08.797Z,94,marks_over_max
S0086,1,DBMS,45,33,22,70,2026-09-26T19:09:08.797Z,92,marks_over_max
S0087,3,DBMS,45,35,18,70,2026-09-26T19:09:08.797Z,88,marks_over_max
S0089,2,DBMS,45,42,26,70,2026-09-26T19:09:08.797Z,96,marks_over_max
S0091,1,DBMS,45,31,21,70,2026-09-26T19:09:08.797Z,91,marks_over_max
S0092,3,DBMS,45,39,21,70,2026-09-26T19:09:08.797Z,91,marks_over_max
S0125,1,PROG,45,31,17,70,2026-09-26T19:09:08.797Z,87,marks_over_max
S0126,3,PROG,45,33,22,70,2026-09-26T19:09:08.797Z,92,marks_over_max
S0128,2,PROG,45,23,18,70,2026-09-26T19:09:08.797Z,88,marks_over_max
S0130,1,PROG,45,25,16,70,2026-09-26T19:09:08.797Z,86,marks_over_max
S0131,3,PROG,45,28,20,70,2026-09-26T19:09:08.797Z,90,marks_over_max
S0165,3,PHYS,45,22,13,70,2026-09-26T19:09:08.797Z,83,marks_over_max
S0167,2,PHYS,45,39,20,70,2026-09-26T19:09:08.797Z,90,marks_over_max
S0169,1,PHYS,45,33,20,70,2026-09-26T19:09:08.797Z,90,marks_over_max
S0170,3,PHYS,45,27,9,70,2026-09-26T19:09:08.797Z,79,marks_over_max
S0172,2,PHYS,45,44,22,70,2026-09-26T19:09:08.797Z,92,marks_over_max
S0206,2,MATH,45,40,24,70,2026-09-26T19:09:08.797Z,94,marks_over_max
S0208,1,MATH,45,35,25,70,2026-09-26T19:09:08.797Z,95,marks_over_max
S0209,3,MATH,45,37,18,70,2026-09-26T19:09:08.797Z,88,marks_over_max
S0211,2,MATH,45,36,22,70,2026-09-26T19:09:08.797Z,92,marks_over_max
S0213,1,MATH,45,35,14,70,2026-09-26T19:09:08.797Z,84,marks_over_max
S0245,1,WORK,30,23,12,70,2026-09-26T19:09:08.797Z,82,marks_over_max
S0246,3,WORK,30,24,22,70,2026-09-26T19:09:08.797Z,92,marks_over_max
S0248,2,WORK,30,19,17,70,2026-09-26T19:09:08.797Z,87,marks_over_max
S0250,1,WORK,30,21,22,70,2026-09-26T19:09:08.797Z,92,marks_over_max
S0251,3,WORK,30,26,24,70,2026-09-26T19:09:08.797Z,94,marks_over_max
S0285,3,ENGL,45,36,22,70,2026-09-26T19:09:08.797Z,92,marks_over_max
S0287,2,ENGL,45,33,17,70,2026-09-26T19:09:08.797Z,87,marks_over_max
S0289,1,ENGL,45,41,31,70,2026-09-26T19:09:08.797Z,101,marks_over_max
S0290,3,ENGL,45,24,15,70,2026-09-26T19:09:08.797Z,85,marks_over_max
S0292,2,ENGL,45,31,18,70,2026-09-26T19:09:08.797Z,88,marks_over_max
S0326,2,DBMS,45,42,24,70,2026-09-26T19:09:08.797Z,94,marks_over_max
S0328,1,DBMS,45,43,20,70,2026-09-26T19:09:08.797Z,90,marks_over_max
S0329,3,DBMS,45,37,18,70,2026-09-26T19:09:08.797Z,88,marks_over_max
S0331,2,DBMS,45,43,26,70,2026-09-26T19:09:08.797Z,96,marks_over_max
S0333,1,DBMS,45,31,18,70,2026-09-26T19:09:08.797Z,88,marks_over_max
S0365,2,PROG,45,30,16,70,2026-09-26T19:09:08.797Z,86,marks_over_max
S0367,1,PROG,45,36,15,70,2026-09-26T19:09:08.797Z,85,marks_over_max
S0368,3,PROG,45,38,17,70,2026-09-26T19:09:08.797Z,87,marks_over_max
S0370,2,PROG,45,37,22,70,2026-09-26T19:09:08.797Z,92,marks_over_max
S0372,1,PROG,45,41,21,70,2026-09-26T19:09:08.797Z,91,marks_over_max
S0406,1,PHYS,45,34,17,70,2026-09-26T19:09:08.797Z,87,marks_over_max
S0407,3,PHYS,45,38,21,70,2026-09-26T19:09:08.797Z,91,marks_over_max
S0409,2,PHYS,45,26,20,70,2026-09-26T19:09:08.797Z,90,marks_over_max
S0411,1,PHYS,45,27,14,70,2026-09-26T19:09:08.797Z,84,marks_over_max
S0412,3,PHYS,45,26,23,70,2026-09-26T19:09:08.797Z,93,marks_over_max
S0445,1,MATH,45,45,29,70,2026-09-26T19:09:08.797Z,99,marks_over_max
S0446,3,MATH,45,43,31,70,2026-09-26T19:09:08.797Z,101,marks_over_max
S0448,2,MATH,45,40,23,70,2026-09-26T19:09:08.797Z,93,marks_over_max
S0450,1,MATH,45,38,23,70,2026-09-26T19:09:08.797Z,93,marks_over_max
S0451,3,MATH,45,38,26,70,2026-09-26T19:09:08.797Z,96,marks_over_max
S0485,2,WORK,30,30,25,70,2026-09-26T19:09:08.797Z,95,marks_over_max
S0487,1,WORK,30,18,23,70,2026-09-26T19:09:08.797Z,93,marks_over_max
S0488,3,WORK,30,29,20,70,2026-09-26T19:09:08.797Z,90,marks_over_max
S0490,2,WORK,30,24,25,70,2026-09-26T19:09:08.797Z,95,marks_over_max
S0492,1,WORK,30,20,17,70,2026-09-26T19:09:08.797Z,87,marks_over_max
S0526,1,ENGL,45,37,25,70,2026-09-26T19:09:08.797Z,95,marks_over_max
S0527,3,ENGL,45,39,16,70,2026-09-26T19:09:08.797Z,86,marks_over_max
S0529,2,ENGL,45,31,20,70,2026-09-26T19:09:08.797Z,90,marks_over_max
S0531,1,ENGL,45,26,23,70,2026-09-26T19:09:08.797Z,93,marks_over_max
S0532,3,ENGL,45,22,18,70,2026-09-26T19:09:08.797Z,88,marks_over_max
S0565,1,DBMS,45,37,23,70,2026-09-26T19:09:08.797Z,93,marks_over_max
S0566,3,DBMS,45,23,15,70,2026-09-26T19:09:08.797Z,85,marks_over_max
S0568,2,DBMS,45,38,21,70,2026-09-26T19:09:08.797Z,91,marks_over_max
S0570,1,DBMS,45,45,25,70,2026-09-26T19:09:08.797Z,95,marks_over_max
S0571,3,DBMS,45,42,24,70,2026-09-26T19:09:08.797Z,94,marks_over_max
S0605,3,PROG,45,45,22,70,2026-09-26T19:09:08.797Z,92,marks_over_max
S0607,2,PROG,45,26,24,70,2026-09-26T19:09:08.797Z,94,marks_over_max
S0609,1,PROG,45,41,32,70,2026-09-26T19:09:08.797Z,102,marks_over_max
S0610,3,PROG,45,32,22,70,2026-09-26T19:09:08.797Z,92,marks_over_max
S0612,2,PROG,45,28,11,70,2026-09-26T19:09:08.797Z,81,marks_over_max
S0646,2,PHYS,45,36,27,70,2026-09-26T19:09:08.797Z,97,marks_over_max
S0648,1,PHYS,45,37,16,70,2026-09-26T19:09:08.797Z,86,marks_over_max
S0649,3,PHYS,45,31,21,70,2026-09-26T19:09:08.797Z,91,marks_over_max
S0651,2,PHYS,45,41,19,70,2026-09-26T19:09:08.797Z,89,marks_over_max
S0653,1,PHYS,45,23,18,70,2026-09-26T19:09:08.797Z,88,marks_over_max
S0685,2,MATH,45,21,18,70,2026-09-26T19:09:08.797Z,88,marks_over_max
S0687,1,MATH,45,36,23,70,2026-09-26T19:09:08.797Z,93,marks_over_max
S0688,3,MATH,45,41,22,70,2026-09-26T19:09:08.797Z,92,marks_over_max
S0690,2,MATH,45,35,20,70,2026-09-26T19:09:08.797Z,90,marks_over_max
S0692,1,MATH,45,32,24,70,2026-09-26T19:09:08.797Z,94,marks_over_max
S0725,3,WORK,30,20,20,70,2026-09-26T19:09:08.797Z,90,marks_over_max
S0727,2,WORK,30,25,23,70,2026-09-26T19:09:08.797Z,93,marks_over_max
S0729,1,WORK,30,22,24,70,2026-09-26T19:09:08.797Z,94,marks_over_max
S0730,3,WORK,30,25,18,70,2026-09-26T19:09:08.797Z,88,marks_over_max
S0732,2,WORK,30,16,19,70,2026-09-26T19:09:08.797Z,89,marks_over_max
S0766,2,ENGL,45,31,20,70,2026-09-26T19:09:08.797Z,90,marks_over_max
S0768,1,ENGL,45,22,17,70,2026-09-26T19:09:08.797Z,87,marks_over_max
S0769,3,ENGL,45,35,11,70,2026-09-26T19:09:08.797Z,81,marks_over_max
S0771,2,ENGL,45,27,16,70,2026-09-26T19:09:08.797Z,86,marks_over_max
S0773,1,ENGL,45,17,19,70,2026-09-26T19:09:08.797Z,89,marks_over_max
S0805,2,DBMS,45,23,17,70,2026-09-26T19:09:08.797Z,87,marks_over_max
S0807,1,DBMS,45,31,21,70,2026-09-26T19:09:08.797Z,91,marks_over_max
S0808,3,DBMS,45,44,21,70,2026-09-26T19:09:08.797Z,91,marks_over_max
S0810,2,DBMS,45,44,24,70,2026-09-26T19:09:08.797Z,94,marks_over_max
S0812,1,DBMS,45,25,16,70,2026-09-26T19:09:08.797Z,86,marks_over_max
S0846,1,PROG,45,43,28,70,2026-09-26T19:09:08.797Z,98,marks_over_max
S0847,3,PROG,45,39,18,70,2026-09-26T19:09:08.797Z,88,marks_over_max
S0849,2,PROG,45,42,26,70,2026-09-26T19:09:08.797Z,96,marks_over_max
S0851,1,PROG,45,33,18,70,2026-09-26T19:09:08.797Z,88,marks_over_max
S0852,3,PROG,45,44,29,70,2026-09-26T19:09:08.797Z,99,marks_over_max
S0885,1,PHYS,45,24,21,70,2026-09-26T19:09:08.797Z,91,marks_over_max
S0886,3,PHYS,45,28,18,70,2026-09-26T19:09:08.797Z,88,marks_over_max
S0888,2,PHYS,45,34,20,70,2026-09-26T19:09:08.797Z,90,marks_over_max
S0890,1,PHYS,45,41,28,70,2026-09-26T19:09:08.797Z,98,marks_over_max
S0891,3,PHYS,45,36,18,70,2026-09-26T19:09:08.797Z,88,marks_over_max
S0925,3,MATH,45,41,27,70,2026-09-26T19:09:08.797Z,97,marks_over_max
S0927,2,MATH,45,36,25,70,2026-09-26T19:09:08.797Z,95,marks_over_max
S0929,1,MATH,45,35,16,70,2026-09-26T19:09:08.797Z,86,marks_over_max
S0930,3,MATH,45,32,18,70,2026-09-26T19:09:08.797Z,88,marks_over_max
S0932,2,MATH,45,29,14,70,2026-09-26T19:09:08.797Z,84,marks_over_max
S0966,1,WORK,30,22,26,70,2026-09-26T19:09:08.797Z,96,marks_over_max
S0967,3,WORK,30,29,18,70,2026-09-26T19:09:08.797Z,88,marks_over_max
S0969,2,WORK,30,13,16,70,2026-09-26T19:09:08.797Z,86,marks_over_max
S0971,1,WORK,30,24,24,70,2026-09-26T19:09:08.797Z,94,marks_over_max
S0972,3,WORK,30,27,20,70,2026-09-26T19:09:08.797Z,90,marks_over_max
S1005,1,ENGL,45,27,14,70,2026-09-26T19:09:08.797Z,84,marks_over_max
S1006,3,ENGL,45,28,22,70,2026-09-26T19:09:08.797Z,92,marks_over_max
S1008,2,ENGL,45,40,17,70,2026-09-26T19:09:08.797Z,87,marks_over_max
S1010,1,ENGL,45,26,22,70,2026-09-26T19:09:08.797Z,92,marks_over_max
S1011,3,ENGL,45,33,30,70,2026-09-26T19:09:08.797Z,100,marks_over_max
S1045,3,DBMS,45,36,30,70,2026-09-26T19:09:08.797Z,100,marks_over_max
S1047,2,DBMS,45,24,20,70,2026-09-26T19:09:08.797Z,90,marks_over_max
S1049,1,DBMS,45,28,18,70,2026-09-26T19:09:08.797Z,88,marks_over_max
S1050,3,DBMS,45,31,19,70,2026-09-26T19:09:08.797Z,89,marks_over_max
S1052,2,DBMS,45,24,19,70,2026-09-26T19:09:08.797Z,89,marks_over_max
S1086,2,PROG,45,38,25,70,2026-09-26T19:09:08.797Z,95,marks_over_max
S1088,1,PROG,45,36,26,70,2026-09-26T19:09:08.797Z,96,marks_over_max
S1089,3,PROG,45,25,17,70,2026-09-26T19:09:08.797Z,87,marks_over_max
S1091,2,PROG,45,41,27,70,2026-09-26T19:09:08.797Z,97,marks_over_max
S1093,1,PROG,45,33,21,70,2026-09-26T19:09:08.797Z,91,marks_over_max
S1125,2,PHYS,45,45,27,70,2026-09-26T19:09:08.797Z,97,marks_over_max
S1127,1,PHYS,45,38,26,70,2026-09-26T19:09:08.797Z,96,marks_over_max
S1128,3,PHYS,45,33,18,70,2026-09-26T19:09:08.797Z,88,marks_over_max
S1130,2,PHYS,45,35,28,70,2026-09-26T19:09:08.797Z,98,marks_over_max
S1132,1,PHYS,45,26,20,70,2026-09-26T19:09:08.797Z,90,marks_over_max
S1166,1,MATH,45,26,17,70,2026-09-26T19:09:08.797Z,87,marks_over_max
S1167,3,MATH,45,39,24,70,2026-09-26T19:09:08.797Z,94,marks_over_max
S1169,2,MATH,45,27,22,70,2026-09-26T19:09:08.797Z,92,marks_over_max
S1171,1,MATH,45,27,16,70,2026-09-26T19:09:08.797Z,86,marks_over_max
S1172,3,MATH,45,40,24,70,2026-09-26T19:09:08.797Z,94,marks_over_max
S9001,1,MATH,45,38,22,34,2026-09-26T19:09:08.797Z,56,unknown_student
S9002,2,PHYS,45,38,22,34,2026-09-26T19:09:08.797Z,56,unknown_student
S9003,3,PROG,45,38,22,34,2026-09-26T19:09:08.797Z,56,unknown_student
S9004,1,DBMS,45,38,22,34,2026-09-26T19:09:08.797Z,56,unknown_student
S9005,2,ENGL,45,38,22,34,2026-09-26T19:09:08.797Z,56,unknown_student
S9006,3,WORK,45,38,22,34,2026-09-26T19:09:08.797Z,56,unknown_student
S9007,1,MATH,45,38,22,34,2026-09-26T19:09:08.797Z,56,unknown_student
S9008,2,PHYS,45,38,22,34,2026-09-26T19:09:08.797Z,56,unknown_student
S9009,3,PROG,45,38,22,34,2026-09-26T19:09:08.797Z,56,unknown_student
S9010,1,DBMS,45,38,22,34,2026-09-26T19:09:08.797Z,56,unknown_student
S9011,2,ENGL,45,38,22,34,2026-09-26T19:09:08.797Z,56,unknown_student
S9012,3,WORK,45,38,22,34,2026-09-26T19:09:08.797Z,56,unknown_student
S9013,1,MATH,45,38,22,34,2026-09-26T19:09:08.797Z,56,unknown_student
S9014,2,PHYS,45,38,22,34,2026-09-26T19:09:08.797Z,56,unknown_student
S9015,3,PROG,45,38,22,34,2026-09-26T19:09:08.797Z,56,unknown_student
S9016,1,DBMS,45,38,22,34,2026-09-26T19:09:08.797Z,56,unknown_student
S9017,2,ENGL,45,38,22,34,2026-09-26T19:09:08.797Z,56,unknown_student
S9018,3,WORK,45,38,22,34,2026-09-26T19:09:08.797Z,56,unknown_student
S9019,1,MATH,45,38,22,34,2026-09-26T19:09:08.797Z,56,unknown_student
S9020,2,PHYS,45,38,22,34,2026-09-26T19:09:08.797Z,56,unknown_student
S9021,3,PROG,45,38,22,34,2026-09-26T19:09:08.797Z,56,unknown_student
S9022,1,DBMS,45,38,22,34,2026-09-26T19:09:08.797Z,56,unknown_student
S9023,2,ENGL,45,38,22,34,2026-09-26T19:09:08.797Z,56,unknown_student
S9024,3,WORK,45,38,22,34,2026-09-26T19:09:08.797Z,56,unknown_student
S9025,1,MATH,45,38,22,34,2026-09-26T19:09:08.797Z,56,unknown_student
S9026,2,PHYS,45,38,22,34,2026-09-26T19:09:08.797Z,56,unknown_student
S9027,3,PROG,45,38,22,34,2026-09-26T19:09:08.797Z,56,unknown_student
S9028,1,DBMS,45,38,22,34,2026-09-26T19:09:08.797Z,56,unknown_student
S9029,2,ENGL,45,38,22,34,2026-09-26T19:09:08.797Z,56,unknown_student
S9030,3,WORK,45,38,22,34,2026-09-26T19:09:08.797Z,56,unknown_student
S9031,1,MATH,45,38,22,34,2026-09-26T19:09:08.797Z,56,unknown_student
S9032,2,PHYS,45,38,22,34,2026-09-26T19:09:08.797Z,56,unknown_student
S9033,3,PROG,45,38,22,34,2026-09-26T19:09:08.797Z,56,unknown_student
S9034,1,DBMS,45,38,22,34,2026-09-26T19:09:08.797Z,56,unknown_student
S9035,2,ENGL,45,38,22,34,2026-09-26T19:09:08.797Z,56,unknown_student
S9036,3,WORK,45,38,22,34,2026-09-26T19:09:08.797Z,56,unknown_student
S9037,1,MATH,45,38,22,34,2026-09-26T19:09:08.797Z,56,unknown_student
S9038,2,PHYS,45,38,22,34,2026-09-26T19:09:08.797Z,56,unknown_student
S9039,3,PROG,45,38,22,34,2026-09-26T19:09:08.797Z,56,unknown_student
S9040,1,DBMS,45,38,22,34,2026-09-26T19:09:08.797Z,56,unknown_student
S9041,2,ENGL,45,38,22,34,2026-09-26T19:09:08.797Z,56,unknown_student
S9042,3,WORK,45,38,22,34,2026-09-26T19:09:08.797Z,56,unknown_student
S9043,1,MATH,45,38,22,34,2026-09-26T19:09:08.797Z,56,unknown_student
S9044,2,PHYS,45,38,22,34,2026-09-26T19:09:08.797Z,56,unknown_student
S9045,3,PROG,45,38,22,34,2026-09-26T19:09:08.797Z,56,unknown_student
S9046,1,DBMS,45,38,22,34,2026-09-26T19:09:08.797Z,56,unknown_student
S9047,2,ENGL,45,38,22,34,2026-09-26T19:09:08.797Z,56,unknown_student
S9048,3,WORK,45,38,22,34,2026-09-26T19:09:08.797Z,56,unknown_student
S9049,1,MATH,45,38,22,34,2026-09-26T19:09:08.797Z,56,unknown_student
S9050,2,PHYS,45,38,22,34,2026-09-26T19:09:08.797Z,56,unknown_student
S9051,3,PROG,45,38,22,34,2026-09-26T19:09:08.797Z,56,unknown_student
S9052,1,DBMS,45,38,22,34,2026-09-26T19:09:08.797Z,56,unknown_student
S9053,2,ENGL,45,38,22,34,2026-09-26T19:09:08.797Z,56,unknown_student
S9054,3,WORK,45,38,22,34,2026-09-26T19:09:08.797Z,56,unknown_student
S9055,1,MATH,45,38,22,34,2026-09-26T19:09:08.797Z,56,unknown_student
S9056,2,PHYS,45,38,22,34,2026-09-26T19:09:08.797Z,56,unknown_student
S9057,3,PROG,45,38,22,34,2026-09-26T19:09:08.797Z,56,unknown_student
S9058,1,DBMS,45,38,22,34,2026-09-26T19:09:08.797Z,56,unknown_student
S9059,2,ENGL,45,38,22,34,2026-09-26T19:09:08.797Z,56,unknown_student
S9060,3,WORK,45,38,22,34,2026-09-26T19:09:08.797Z,56,unknown_student
S9061,1,MATH,45,38,22,34,2026-09-26T19:09:08.797Z,56,unknown_student
S9062,2,PHYS,45,38,22,34,2026-09-26T19:09:08.797Z,56,unknown_student
S9063,3,PROG,45,38,22,34,2026-09-26T19:09:08.797Z,56,unknown_student
S9064,1,DBMS,45,38,22,34,2026-09-26T19:09:08.797Z,56,unknown_student
S9065,2,ENGL,45,38,22,34,2026-09-26T19:09:08.797Z,56,unknown_student
S9066,3,WORK,45,38,22,34,2026-09-26T19:09:08.797Z,56,unknown_student
S9067,1,MATH,45,38,22,34,2026-09-26T19:09:08.797Z,56,unknown_student
S9068,2,PHYS,45,38,22,34,2026-09-26T19:09:08.797Z,56,unknown_student
S9069,3,PROG,45,38,22,34,2026-09-26T19:09:08.797Z,56,unknown_student
S9070,1,DBMS,45,38,22,34,2026-09-26T19:09:08.797Z,56,unknown_student
S9071,2,ENGL,45,38,22,34,2026-09-26T19:09:08.797Z,56,unknown_student
S9072,3,WORK,45,38,22,34,2026-09-26T19:09:08.797Z,56,unknown_student
S9073,1,MATH,45,38,22,34,2026-09-26T19:09:08.797Z,56,unknown_student
S9074,2,PHYS,45,38,22,34,2026-09-26T19:09:08.797Z,56,unknown_student
S9075,3,PROG,45,38,22,34,2026-09-26T19:09:08.797Z,56,unknown_student
S9076,1,DBMS,45,38,22,34,2026-09-26T19:09:08.797Z,56,unknown_student
S9077,2,ENGL,45,38,22,34,2026-09-26T19:09:08.797Z,56,unknown_student
S9078,3,WORK,45,38,22,34,2026-09-26T19:09:08.797Z,56,unknown_student
S9079,1,MATH,45,38,22,34,2026-09-26T19:09:08.797Z,56,unknown_student
S9080,2,PHYS,45,38,22,34,2026-09-26T19:09:08.797Z,56,unknown_student
S9081,3,PROG,45,38,22,34,2026-09-26T19:09:08.797Z,56,unknown_student
S9082,1,DBMS,45,38,22,34,2026-09-26T19:09:08.797Z,56,unknown_student
S9083,2,ENGL,45,38,22,34,2026-09-26T19:09:08.797Z,56,unknown_student
S9084,3,WORK,45,38,22,34,2026-09-26T19:09:08.797Z,56,unknown_student
S9085,1,MATH,45,38,22,34,2026-09-26T19:09:08.797Z,56,unknown_student
S9086,2,PHYS,45,38,22,34,2026-09-26T19:09:08.797Z,56,unknown_student
S9087,3,PROG,45,38,22,34,2026-09-26T19:09:08.797Z,56,unknown_student
S9088,1,DBMS,45,38,22,34,2026-09-26T19:09:08.797Z,56,unknown_student
S9089,2,ENGL,45,38,22,34,2026-09-26T19:09:08.797Z,56,unknown_student
S9090,3,WORK,45,38,22,34,2026-09-26T19:09:08.797Z,56,unknown_student
S9091,1,MATH,45,38,22,34,2026-09-26T19:09:08.797Z,56,unknown_student
S9092,2,PHYS,45,38,22,34,2026-09-26T19:09:08.797Z,56,unknown_student
S9093,3,PROG,45,38,22,34,2026-09-26T19:09:08.797Z,56,unknown_student
S9094,1,DBMS,45,38,22,34,2026-09-26T19:09:08.797Z,56,unknown_student
S9095,2,ENGL,45,38,22,34,2026-09-26T19:09:08.797Z,56,unknown_student
S9096,3,WORK,45,38,22,34,2026-09-26T19:09:08.797Z,56,unknown_student
S9097,1,MATH,45,38,22,34,2026-09-26T19:09:08.797Z,56,unknown_student
S9098,2,PHYS,45,38,22,34,2026-09-26T19:09:08.797Z,56,unknown_student
S9099,3,PROG,45,38,22,34,2026-09-26T19:09:08.797Z,56,unknown_student
S9100,1,DBMS,45,38,22,34,2026-09-26T19:09:08.797Z,56,unknown_student
S9101,2,ENGL,45,38,22,34,2026-09-26T19:09:08.797Z,56,unknown_student
S9102,3,WORK,45,38,22,34,2026-09-26T19:09:08.797Z,56,unknown_student
S9103,1,MATH,45,38,22,34,2026-09-26T19:09:08.797Z,56,unknown_student
S9104,2,PHYS,45,38,22,34,2026-09-26T19:09:08.797Z,56,unknown_student
S9105,3,PROG,45,38,22,34,2026-09-26T19:09:08.797Z,56,unknown_student
S9106,1,DBMS,45,38,22,34,2026-09-26T19:09:08.797Z,56,unknown_student
S9107,2,ENGL,45,38,22,34,2026-09-26T19:09:08.797Z,56,unknown_student
S9108,3,WORK,45,38,22,34,2026-09-26T19:09:08.797Z,56,unknown_student
S9109,1,MATH,45,38,22,34,2026-09-26T19:09:08.797Z,56,unknown_student
S9110,2,PHYS,45,38,22,34,2026-09-26T19:09:08.797Z,56,unknown_student
S9111,3,PROG,45,38,22,34,2026-09-26T19:09:08.797Z,56,unknown_student
S9112,1,DBMS,45,38,22,34,2026-09-26T19:09:08.797Z,56,unknown_student
S9113,2,ENGL,45,38,22,34,2026-09-26T19:09:08.797Z,56,unknown_student
S9114,3,WORK,45,38,22,34,2026-09-26T19:09:08.797Z,56,unknown_student
S9115,1,MATH,45,38,22,34,2026-09-26T19:09:08.797Z,56,unknown_student
S9116,2,PHYS,45,38,22,34,2026-09-26T19:09:08.797Z,56,unknown_student
S9117,3,PROG,45,38,22,34,2026-09-26T19:09:08.797Z,56,unknown_student
S9118,1,DBMS,45,38,22,34,2026-09-26T19:09:08.797Z,56,unknown_student
S9119,2,ENGL,45,38,22,34,2026-09-26T19:09:08.797Z,56,unknown_student
S9120,3,WORK,45,38,22,34,2026-09-26T19:09:08.797Z,56,unknown_student
